Model,Accuracy,F1 (Weighted),F1 (Macro)
XGBoost,0.7393212718124398,0.7327986799974239,0.4010399278451773
Random Forest,0.6976769082539342,0.7125805814406632,0.39964638722410434
Decision Tree (SMOTE),0.6368697141633658,0.6608634045515158,0.36649844588514796
Decision Tree (Weighted),0.5640723691253613,0.6199758744762913,0.3653181206717585
Decision Tree (Baseline),0.5709238839524676,0.616831375558487,0.3401418657191462
